{
    "taskTypes": {
        "consent": "Consent",
        "infographic": "Infographic",
        "simpleInteraction":"SimpleInteraction",
        "invite": "Invite",
        "survey": "Survey",
        "video": "Video",
        "visit": "Visit",
        "onlineActivity": "OnlineAction",
        "recruitment": "Recruitment",
        "armAssign": "ArmAssign",
        "auth": "Auth",
        "landingPageInsight": "LandingPageInsight",
        "giftCard": "GiftCard",
        "eligibility": "Eligibility",
        "PromoCode": "PromoCode",
        "gang": "Gang",
        "upload": "Upload",
        "product": "Product",
        "photoAssessment": "PhotoAssessment",
        "appointment": "Appointment",
        "decision": "Decision"
    },
    "availableTaskTypes": [
        "AdminCheckIn",
        "AdminVisit",
        "CheckIn",
        "SimpleInteraction",
        "Consent",
        "Auth",
        "Invite",
        "LandingPageInsight",
        "OnlineActivity",
        "Survey",
        "Video",
        "Visit",
        "PromoCode",
        "Gang",
        "Upload",
        "PhotoAssessment"
    ]
}
